sample_name	unit_name	fq1	fq2	sra	adapters
S001	L002	../raw/21063a001_01_S30_L002_R1_001.fastq.gz	../raw/21063a001_01_S30_L002_R2_001.fastq.gz		-a AGATCGGAAGAGCACACGTCTGAACTCCAGTCA -A AGATCGGAAGAGCGTCGTGTAGGGAAAGAGTGT
S002	L002	../raw/21063a002_01_S31_L002_R1_001.fastq.gz	../raw/21063a002_01_S31_L002_R2_001.fastq.gz		-a AGATCGGAAGAGCACACGTCTGAACTCCAGTCA -A AGATCGGAAGAGCGTCGTGTAGGGAAAGAGTGT
S003	L002	../raw/21063a003_01_S32_L002_R1_001.fastq.gz	../raw/21063a003_01_S32_L002_R2_001.fastq.gz		-a AGATCGGAAGAGCACACGTCTGAACTCCAGTCA -A AGATCGGAAGAGCGTCGTGTAGGGAAAGAGTGT
S004	L002	../raw/21063a004_01_S33_L002_R1_001.fastq.gz	../raw/21063a004_01_S33_L002_R2_001.fastq.gz		-a AGATCGGAAGAGCACACGTCTGAACTCCAGTCA -A AGATCGGAAGAGCGTCGTGTAGGGAAAGAGTGT
S005	L002	../raw/21063a005_01_S34_L002_R1_001.fastq.gz	../raw/21063a005_01_S34_L002_R2_001.fastq.gz		-a AGATCGGAAGAGCACACGTCTGAACTCCAGTCA -A AGATCGGAAGAGCGTCGTGTAGGGAAAGAGTGT
S006	L002	../raw/21063a006_01_S35_L002_R1_001.fastq.gz	../raw/21063a006_01_S35_L002_R2_001.fastq.gz		-a AGATCGGAAGAGCACACGTCTGAACTCCAGTCA -A AGATCGGAAGAGCGTCGTGTAGGGAAAGAGTGT
S007	L002	../raw/21063a007_01_S36_L002_R1_001.fastq.gz	../raw/21063a007_01_S36_L002_R2_001.fastq.gz		-a AGATCGGAAGAGCACACGTCTGAACTCCAGTCA -A AGATCGGAAGAGCGTCGTGTAGGGAAAGAGTGT
S008	L002	../raw/21063a008_01_S37_L002_R1_001.fastq.gz	../raw/21063a008_01_S37_L002_R2_001.fastq.gz		-a AGATCGGAAGAGCACACGTCTGAACTCCAGTCA -A AGATCGGAAGAGCGTCGTGTAGGGAAAGAGTGT
S009	L002	../raw/21063a009_01_S38_L002_R1_001.fastq.gz	../raw/21063a009_01_S38_L002_R2_001.fastq.gz		-a AGATCGGAAGAGCACACGTCTGAACTCCAGTCA -A AGATCGGAAGAGCGTCGTGTAGGGAAAGAGTGT
S010	L002	../raw/21063a010_01_S39_L002_R1_001.fastq.gz	../raw/21063a010_01_S39_L002_R2_001.fastq.gz		-a AGATCGGAAGAGCACACGTCTGAACTCCAGTCA -A AGATCGGAAGAGCGTCGTGTAGGGAAAGAGTGT
S011	L002	../raw/21063a011_01_S40_L002_R1_001.fastq.gz	../raw/21063a011_01_S40_L002_R2_001.fastq.gz		-a AGATCGGAAGAGCACACGTCTGAACTCCAGTCA -A AGATCGGAAGAGCGTCGTGTAGGGAAAGAGTGT
S012	L002	../raw/21063a012_01_S41_L002_R1_001.fastq.gz	../raw/21063a012_01_S41_L002_R2_001.fastq.gz		-a AGATCGGAAGAGCACACGTCTGAACTCCAGTCA -A AGATCGGAAGAGCGTCGTGTAGGGAAAGAGTGT
S013	L002	../raw/21063a013_01_S42_L002_R1_001.fastq.gz	../raw/21063a013_01_S42_L002_R2_001.fastq.gz		-a AGATCGGAAGAGCACACGTCTGAACTCCAGTCA -A AGATCGGAAGAGCGTCGTGTAGGGAAAGAGTGT
S015	L002	../raw/21063a015_01_S44_L002_R1_001.fastq.gz	../raw/21063a015_01_S44_L002_R2_001.fastq.gz		-a AGATCGGAAGAGCACACGTCTGAACTCCAGTCA -A AGATCGGAAGAGCGTCGTGTAGGGAAAGAGTGT
S016	L002	../raw/21063a016_01_S45_L002_R1_001.fastq.gz	../raw/21063a016_01_S45_L002_R2_001.fastq.gz		-a AGATCGGAAGAGCACACGTCTGAACTCCAGTCA -A AGATCGGAAGAGCGTCGTGTAGGGAAAGAGTGT
S017	L002	../raw/21063a017_01_S46_L002_R1_001.fastq.gz	../raw/21063a017_01_S46_L002_R2_001.fastq.gz		-a AGATCGGAAGAGCACACGTCTGAACTCCAGTCA -A AGATCGGAAGAGCGTCGTGTAGGGAAAGAGTGT
S018	L002	../raw/21063a018_01_S47_L002_R1_001.fastq.gz	../raw/21063a018_01_S47_L002_R2_001.fastq.gz		-a AGATCGGAAGAGCACACGTCTGAACTCCAGTCA -A AGATCGGAAGAGCGTCGTGTAGGGAAAGAGTGT
S019	L002	../raw/21063a019_01_S48_L002_R1_001.fastq.gz	../raw/21063a019_01_S48_L002_R2_001.fastq.gz		-a AGATCGGAAGAGCACACGTCTGAACTCCAGTCA -A AGATCGGAAGAGCGTCGTGTAGGGAAAGAGTGT
S020	L002	../raw/21063a020_01_S49_L002_R1_001.fastq.gz	../raw/21063a020_01_S49_L002_R2_001.fastq.gz		-a AGATCGGAAGAGCACACGTCTGAACTCCAGTCA -A AGATCGGAAGAGCGTCGTGTAGGGAAAGAGTGT
S021	L002	../raw/21063a021_01_S50_L002_R1_001.fastq.gz	../raw/21063a021_01_S50_L002_R2_001.fastq.gz		-a AGATCGGAAGAGCACACGTCTGAACTCCAGTCA -A AGATCGGAAGAGCGTCGTGTAGGGAAAGAGTGT
S022	L002	../raw/21063a022_01_S51_L002_R1_001.fastq.gz	../raw/21063a022_01_S51_L002_R2_001.fastq.gz		-a AGATCGGAAGAGCACACGTCTGAACTCCAGTCA -A AGATCGGAAGAGCGTCGTGTAGGGAAAGAGTGT
S023	L002	../raw/21063a023_01_S52_L002_R1_001.fastq.gz	../raw/21063a023_01_S52_L002_R2_001.fastq.gz		-a AGATCGGAAGAGCACACGTCTGAACTCCAGTCA -A AGATCGGAAGAGCGTCGTGTAGGGAAAGAGTGT
S024	L002	../raw/21063a024_01_S53_L002_R1_001.fastq.gz	../raw/21063a024_01_S53_L002_R2_001.fastq.gz		-a AGATCGGAAGAGCACACGTCTGAACTCCAGTCA -A AGATCGGAAGAGCGTCGTGTAGGGAAAGAGTGT
S025	L002	../raw/21063a025_01_S54_L002_R1_001.fastq.gz	../raw/21063a025_01_S54_L002_R2_001.fastq.gz		-a AGATCGGAAGAGCACACGTCTGAACTCCAGTCA -A AGATCGGAAGAGCGTCGTGTAGGGAAAGAGTGT
S026	L002	../raw/21063a026_01_S55_L002_R1_001.fastq.gz	../raw/21063a026_01_S55_L002_R2_001.fastq.gz		-a AGATCGGAAGAGCACACGTCTGAACTCCAGTCA -A AGATCGGAAGAGCGTCGTGTAGGGAAAGAGTGT
S027	L002	../raw/21063a027_01_S56_L002_R1_001.fastq.gz	../raw/21063a027_01_S56_L002_R2_001.fastq.gz		-a AGATCGGAAGAGCACACGTCTGAACTCCAGTCA -A AGATCGGAAGAGCGTCGTGTAGGGAAAGAGTGT
S028	L002	../raw/21063a028_01_S57_L002_R1_001.fastq.gz	../raw/21063a028_01_S57_L002_R2_001.fastq.gz		-a AGATCGGAAGAGCACACGTCTGAACTCCAGTCA -A AGATCGGAAGAGCGTCGTGTAGGGAAAGAGTGT
S029	L002	../raw/21063a029_01_S58_L002_R1_001.fastq.gz	../raw/21063a029_01_S58_L002_R2_001.fastq.gz		-a AGATCGGAAGAGCACACGTCTGAACTCCAGTCA -A AGATCGGAAGAGCGTCGTGTAGGGAAAGAGTGT
S030	L002	../raw/21063a030_01_S59_L002_R1_001.fastq.gz	../raw/21063a030_01_S59_L002_R2_001.fastq.gz		-a AGATCGGAAGAGCACACGTCTGAACTCCAGTCA -A AGATCGGAAGAGCGTCGTGTAGGGAAAGAGTGT
S031	L002	../raw/21063a031_01_S60_L002_R1_001.fastq.gz	../raw/21063a031_01_S60_L002_R2_001.fastq.gz		-a AGATCGGAAGAGCACACGTCTGAACTCCAGTCA -A AGATCGGAAGAGCGTCGTGTAGGGAAAGAGTGT
S032	L002	../raw/21063a032_01_S61_L002_R1_001.fastq.gz	../raw/21063a032_01_S61_L002_R2_001.fastq.gz		-a AGATCGGAAGAGCACACGTCTGAACTCCAGTCA -A AGATCGGAAGAGCGTCGTGTAGGGAAAGAGTGT
S033	L002	../raw/21063a033_01_S62_L002_R1_001.fastq.gz	../raw/21063a033_01_S62_L002_R2_001.fastq.gz		-a AGATCGGAAGAGCACACGTCTGAACTCCAGTCA -A AGATCGGAAGAGCGTCGTGTAGGGAAAGAGTGT
S034	L002	../raw/21063a034_01_S63_L002_R1_001.fastq.gz	../raw/21063a034_01_S63_L002_R2_001.fastq.gz		-a AGATCGGAAGAGCACACGTCTGAACTCCAGTCA -A AGATCGGAAGAGCGTCGTGTAGGGAAAGAGTGT
S035	L002	../raw/21063a035_01_S64_L002_R1_001.fastq.gz	../raw/21063a035_01_S64_L002_R2_001.fastq.gz		-a AGATCGGAAGAGCACACGTCTGAACTCCAGTCA -A AGATCGGAAGAGCGTCGTGTAGGGAAAGAGTGT
S036	L002	../raw/21063a036_01_S65_L002_R1_001.fastq.gz	../raw/21063a036_01_S65_L002_R2_001.fastq.gz		-a AGATCGGAAGAGCACACGTCTGAACTCCAGTCA -A AGATCGGAAGAGCGTCGTGTAGGGAAAGAGTGT
S037	L002	../raw/21063a037_01_S66_L002_R1_001.fastq.gz	../raw/21063a037_01_S66_L002_R2_001.fastq.gz		-a AGATCGGAAGAGCACACGTCTGAACTCCAGTCA -A AGATCGGAAGAGCGTCGTGTAGGGAAAGAGTGT
S038	L002	../raw/21063a038_01_S67_L002_R1_001.fastq.gz	../raw/21063a038_01_S67_L002_R2_001.fastq.gz		-a AGATCGGAAGAGCACACGTCTGAACTCCAGTCA -A AGATCGGAAGAGCGTCGTGTAGGGAAAGAGTGT
S039	L002	../raw/21063a039_01_S68_L002_R1_001.fastq.gz	../raw/21063a039_01_S68_L002_R2_001.fastq.gz		-a AGATCGGAAGAGCACACGTCTGAACTCCAGTCA -A AGATCGGAAGAGCGTCGTGTAGGGAAAGAGTGT
S040	L002	../raw/21063a040_01_S69_L002_R1_001.fastq.gz	../raw/21063a040_01_S69_L002_R2_001.fastq.gz		-a AGATCGGAAGAGCACACGTCTGAACTCCAGTCA -A AGATCGGAAGAGCGTCGTGTAGGGAAAGAGTGT
S041	L002	../raw/21063a041_01_S70_L002_R1_001.fastq.gz	../raw/21063a041_01_S70_L002_R2_001.fastq.gz		-a AGATCGGAAGAGCACACGTCTGAACTCCAGTCA -A AGATCGGAAGAGCGTCGTGTAGGGAAAGAGTGT
S042	L002	../raw/21063a042_01_S71_L002_R1_001.fastq.gz	../raw/21063a042_01_S71_L002_R2_001.fastq.gz		-a AGATCGGAAGAGCACACGTCTGAACTCCAGTCA -A AGATCGGAAGAGCGTCGTGTAGGGAAAGAGTGT
S043	L002	../raw/21063a043_01_S72_L002_R1_001.fastq.gz	../raw/21063a043_01_S72_L002_R2_001.fastq.gz		-a AGATCGGAAGAGCACACGTCTGAACTCCAGTCA -A AGATCGGAAGAGCGTCGTGTAGGGAAAGAGTGT
S044	L002	../raw/21063a044_01_S73_L002_R1_001.fastq.gz	../raw/21063a044_01_S73_L002_R2_001.fastq.gz		-a AGATCGGAAGAGCACACGTCTGAACTCCAGTCA -A AGATCGGAAGAGCGTCGTGTAGGGAAAGAGTGT
S045	L002	../raw/21063a045_01_S74_L002_R1_001.fastq.gz	../raw/21063a045_01_S74_L002_R2_001.fastq.gz		-a AGATCGGAAGAGCACACGTCTGAACTCCAGTCA -A AGATCGGAAGAGCGTCGTGTAGGGAAAGAGTGT
S046	L002	../raw/21063a046_01_S75_L002_R1_001.fastq.gz	../raw/21063a046_01_S75_L002_R2_001.fastq.gz		-a AGATCGGAAGAGCACACGTCTGAACTCCAGTCA -A AGATCGGAAGAGCGTCGTGTAGGGAAAGAGTGT
S047	L002	../raw/21063a047_01_S76_L002_R1_001.fastq.gz	../raw/21063a047_01_S76_L002_R2_001.fastq.gz		-a AGATCGGAAGAGCACACGTCTGAACTCCAGTCA -A AGATCGGAAGAGCGTCGTGTAGGGAAAGAGTGT
S048	L002	../raw/21063a048_01_S77_L002_R1_001.fastq.gz	../raw/21063a048_01_S77_L002_R2_001.fastq.gz		-a AGATCGGAAGAGCACACGTCTGAACTCCAGTCA -A AGATCGGAAGAGCGTCGTGTAGGGAAAGAGTGT
S049	L002	../raw/21063a049_01_S78_L002_R1_001.fastq.gz	../raw/21063a049_01_S78_L002_R2_001.fastq.gz		-a AGATCGGAAGAGCACACGTCTGAACTCCAGTCA -A AGATCGGAAGAGCGTCGTGTAGGGAAAGAGTGT
S050	L002	../raw/21063a050_01_S79_L002_R1_001.fastq.gz	../raw/21063a050_01_S79_L002_R2_001.fastq.gz		-a AGATCGGAAGAGCACACGTCTGAACTCCAGTCA -A AGATCGGAAGAGCGTCGTGTAGGGAAAGAGTGT
S051	L002	../raw/21063a051_01_S80_L002_R1_001.fastq.gz	../raw/21063a051_01_S80_L002_R2_001.fastq.gz		-a AGATCGGAAGAGCACACGTCTGAACTCCAGTCA -A AGATCGGAAGAGCGTCGTGTAGGGAAAGAGTGT
S052	L002	../raw/21063a052_01_S81_L002_R1_001.fastq.gz	../raw/21063a052_01_S81_L002_R2_001.fastq.gz		-a AGATCGGAAGAGCACACGTCTGAACTCCAGTCA -A AGATCGGAAGAGCGTCGTGTAGGGAAAGAGTGT
S053	L002	../raw/21063a053_01_S82_L002_R1_001.fastq.gz	../raw/21063a053_01_S82_L002_R2_001.fastq.gz		-a AGATCGGAAGAGCACACGTCTGAACTCCAGTCA -A AGATCGGAAGAGCGTCGTGTAGGGAAAGAGTGT
S054	L002	../raw/21063a054_01_S83_L002_R1_001.fastq.gz	../raw/21063a054_01_S83_L002_R2_001.fastq.gz		-a AGATCGGAAGAGCACACGTCTGAACTCCAGTCA -A AGATCGGAAGAGCGTCGTGTAGGGAAAGAGTGT
S055	L002	../raw/21063a055_01_S84_L002_R1_001.fastq.gz	../raw/21063a055_01_S84_L002_R2_001.fastq.gz		-a AGATCGGAAGAGCACACGTCTGAACTCCAGTCA -A AGATCGGAAGAGCGTCGTGTAGGGAAAGAGTGT
S056	L002	../raw/21063a056_01_S85_L002_R1_001.fastq.gz	../raw/21063a056_01_S85_L002_R2_001.fastq.gz		-a AGATCGGAAGAGCACACGTCTGAACTCCAGTCA -A AGATCGGAAGAGCGTCGTGTAGGGAAAGAGTGT
S057	L002	../raw/21063a057_01_S86_L002_R1_001.fastq.gz	../raw/21063a057_01_S86_L002_R2_001.fastq.gz		-a AGATCGGAAGAGCACACGTCTGAACTCCAGTCA -A AGATCGGAAGAGCGTCGTGTAGGGAAAGAGTGT
S058	L002	../raw/21063a058_01_S87_L002_R1_001.fastq.gz	../raw/21063a058_01_S87_L002_R2_001.fastq.gz		-a AGATCGGAAGAGCACACGTCTGAACTCCAGTCA -A AGATCGGAAGAGCGTCGTGTAGGGAAAGAGTGT
S059	L002	../raw/21063a059_01_S88_L002_R1_001.fastq.gz	../raw/21063a059_01_S88_L002_R2_001.fastq.gz		-a AGATCGGAAGAGCACACGTCTGAACTCCAGTCA -A AGATCGGAAGAGCGTCGTGTAGGGAAAGAGTGT
S060	L002	../raw/21063a060_01_S89_L002_R1_001.fastq.gz	../raw/21063a060_01_S89_L002_R2_001.fastq.gz		-a AGATCGGAAGAGCACACGTCTGAACTCCAGTCA -A AGATCGGAAGAGCGTCGTGTAGGGAAAGAGTGT
S061	L002	../raw/21063a061_01_S90_L002_R1_001.fastq.gz	../raw/21063a061_01_S90_L002_R2_001.fastq.gz		-a AGATCGGAAGAGCACACGTCTGAACTCCAGTCA -A AGATCGGAAGAGCGTCGTGTAGGGAAAGAGTGT
S062	L002	../raw/21063a062_01_S91_L002_R1_001.fastq.gz	../raw/21063a062_01_S91_L002_R2_001.fastq.gz		-a AGATCGGAAGAGCACACGTCTGAACTCCAGTCA -A AGATCGGAAGAGCGTCGTGTAGGGAAAGAGTGT
S063	L002	../raw/21063a063_01_S92_L002_R1_001.fastq.gz	../raw/21063a063_01_S92_L002_R2_001.fastq.gz		-a AGATCGGAAGAGCACACGTCTGAACTCCAGTCA -A AGATCGGAAGAGCGTCGTGTAGGGAAAGAGTGT
S064	L002	../raw/21063a064_01_S93_L002_R1_001.fastq.gz	../raw/21063a064_01_S93_L002_R2_001.fastq.gz		-a AGATCGGAAGAGCACACGTCTGAACTCCAGTCA -A AGATCGGAAGAGCGTCGTGTAGGGAAAGAGTGT
S065	L002	../raw/21063a065_01_S94_L002_R1_001.fastq.gz	../raw/21063a065_01_S94_L002_R2_001.fastq.gz		-a AGATCGGAAGAGCACACGTCTGAACTCCAGTCA -A AGATCGGAAGAGCGTCGTGTAGGGAAAGAGTGT
S066	L002	../raw/21063a066_01_S95_L002_R1_001.fastq.gz	../raw/21063a066_01_S95_L002_R2_001.fastq.gz		-a AGATCGGAAGAGCACACGTCTGAACTCCAGTCA -A AGATCGGAAGAGCGTCGTGTAGGGAAAGAGTGT
S067	L002	../raw/21063a067_01_S96_L002_R1_001.fastq.gz	../raw/21063a067_01_S96_L002_R2_001.fastq.gz		-a AGATCGGAAGAGCACACGTCTGAACTCCAGTCA -A AGATCGGAAGAGCGTCGTGTAGGGAAAGAGTGT
S068	L002	../raw/21063a068_01_S97_L002_R1_001.fastq.gz	../raw/21063a068_01_S97_L002_R2_001.fastq.gz		-a AGATCGGAAGAGCACACGTCTGAACTCCAGTCA -A AGATCGGAAGAGCGTCGTGTAGGGAAAGAGTGT
S069	L002	../raw/21063a069_01_S98_L002_R1_001.fastq.gz	../raw/21063a069_01_S98_L002_R2_001.fastq.gz		-a AGATCGGAAGAGCACACGTCTGAACTCCAGTCA -A AGATCGGAAGAGCGTCGTGTAGGGAAAGAGTGT
S070	L002	../raw/21063a070_01_S99_L002_R1_001.fastq.gz	../raw/21063a070_01_S99_L002_R2_001.fastq.gz		-a AGATCGGAAGAGCACACGTCTGAACTCCAGTCA -A AGATCGGAAGAGCGTCGTGTAGGGAAAGAGTGT
S071	L002	../raw/21063a071_01_S100_L002_R1_001.fastq.gz	../raw/21063a071_01_S100_L002_R2_001.fastq.gz		-a AGATCGGAAGAGCACACGTCTGAACTCCAGTCA -A AGATCGGAAGAGCGTCGTGTAGGGAAAGAGTGT
S072	L002	../raw/21063a072_01_S101_L002_R1_001.fastq.gz	../raw/21063a072_01_S101_L002_R2_001.fastq.gz		-a AGATCGGAAGAGCACACGTCTGAACTCCAGTCA -A AGATCGGAAGAGCGTCGTGTAGGGAAAGAGTGT
S073	L002	../raw/21063a073_01_S102_L002_R1_001.fastq.gz	../raw/21063a073_01_S102_L002_R2_001.fastq.gz		-a AGATCGGAAGAGCACACGTCTGAACTCCAGTCA -A AGATCGGAAGAGCGTCGTGTAGGGAAAGAGTGT
S074	L002	../raw/21063a074_01_S103_L002_R1_001.fastq.gz	../raw/21063a074_01_S103_L002_R2_001.fastq.gz		-a AGATCGGAAGAGCACACGTCTGAACTCCAGTCA -A AGATCGGAAGAGCGTCGTGTAGGGAAAGAGTGT
S075	L002	../raw/21063a075_01_S104_L002_R1_001.fastq.gz	../raw/21063a075_01_S104_L002_R2_001.fastq.gz		-a AGATCGGAAGAGCACACGTCTGAACTCCAGTCA -A AGATCGGAAGAGCGTCGTGTAGGGAAAGAGTGT
S076	L002	../raw/21063a076_01_S105_L002_R1_001.fastq.gz	../raw/21063a076_01_S105_L002_R2_001.fastq.gz		-a AGATCGGAAGAGCACACGTCTGAACTCCAGTCA -A AGATCGGAAGAGCGTCGTGTAGGGAAAGAGTGT
S077	L002	../raw/21063a077_01_S106_L002_R1_001.fastq.gz	../raw/21063a077_01_S106_L002_R2_001.fastq.gz		-a AGATCGGAAGAGCACACGTCTGAACTCCAGTCA -A AGATCGGAAGAGCGTCGTGTAGGGAAAGAGTGT
S078	L002	../raw/21063a078_01_S107_L002_R1_001.fastq.gz	../raw/21063a078_01_S107_L002_R2_001.fastq.gz		-a AGATCGGAAGAGCACACGTCTGAACTCCAGTCA -A AGATCGGAAGAGCGTCGTGTAGGGAAAGAGTGT
S079	L002	../raw/21063a079_01_S108_L002_R1_001.fastq.gz	../raw/21063a079_01_S108_L002_R2_001.fastq.gz		-a AGATCGGAAGAGCACACGTCTGAACTCCAGTCA -A AGATCGGAAGAGCGTCGTGTAGGGAAAGAGTGT
S080	L002	../raw/21063a080_01_S109_L002_R1_001.fastq.gz	../raw/21063a080_01_S109_L002_R2_001.fastq.gz		-a AGATCGGAAGAGCACACGTCTGAACTCCAGTCA -A AGATCGGAAGAGCGTCGTGTAGGGAAAGAGTGT
S081	L002	../raw/21063a081_01_S110_L002_R1_001.fastq.gz	../raw/21063a081_01_S110_L002_R2_001.fastq.gz		-a AGATCGGAAGAGCACACGTCTGAACTCCAGTCA -A AGATCGGAAGAGCGTCGTGTAGGGAAAGAGTGT
S082	L002	../raw/21063a082_01_S111_L002_R1_001.fastq.gz	../raw/21063a082_01_S111_L002_R2_001.fastq.gz		-a AGATCGGAAGAGCACACGTCTGAACTCCAGTCA -A AGATCGGAAGAGCGTCGTGTAGGGAAAGAGTGT
S083	L002	../raw/21063a083_01_S112_L002_R1_001.fastq.gz	../raw/21063a083_01_S112_L002_R2_001.fastq.gz		-a AGATCGGAAGAGCACACGTCTGAACTCCAGTCA -A AGATCGGAAGAGCGTCGTGTAGGGAAAGAGTGT
S084	L002	../raw/21063a084_01_S113_L002_R1_001.fastq.gz	../raw/21063a084_01_S113_L002_R2_001.fastq.gz		-a AGATCGGAAGAGCACACGTCTGAACTCCAGTCA -A AGATCGGAAGAGCGTCGTGTAGGGAAAGAGTGT
S085	L002	../raw/21063a085_01_S114_L002_R1_001.fastq.gz	../raw/21063a085_01_S114_L002_R2_001.fastq.gz		-a AGATCGGAAGAGCACACGTCTGAACTCCAGTCA -A AGATCGGAAGAGCGTCGTGTAGGGAAAGAGTGT
S086	L002	../raw/21063a086_01_S115_L002_R1_001.fastq.gz	../raw/21063a086_01_S115_L002_R2_001.fastq.gz		-a AGATCGGAAGAGCACACGTCTGAACTCCAGTCA -A AGATCGGAAGAGCGTCGTGTAGGGAAAGAGTGT
S087	L002	../raw/21063a087_01_S116_L002_R1_001.fastq.gz	../raw/21063a087_01_S116_L002_R2_001.fastq.gz		-a AGATCGGAAGAGCACACGTCTGAACTCCAGTCA -A AGATCGGAAGAGCGTCGTGTAGGGAAAGAGTGT
S088	L002	../raw/21063a088_01_S117_L002_R1_001.fastq.gz	../raw/21063a088_01_S117_L002_R2_001.fastq.gz		-a AGATCGGAAGAGCACACGTCTGAACTCCAGTCA -A AGATCGGAAGAGCGTCGTGTAGGGAAAGAGTGT
S089	L002	../raw/21063a089_01_S118_L002_R1_001.fastq.gz	../raw/21063a089_01_S118_L002_R2_001.fastq.gz		-a AGATCGGAAGAGCACACGTCTGAACTCCAGTCA -A AGATCGGAAGAGCGTCGTGTAGGGAAAGAGTGT
S090	L002	../raw/21063a090_01_S119_L002_R1_001.fastq.gz	../raw/21063a090_01_S119_L002_R2_001.fastq.gz		-a AGATCGGAAGAGCACACGTCTGAACTCCAGTCA -A AGATCGGAAGAGCGTCGTGTAGGGAAAGAGTGT
S091	L002	../raw/21063a091_01_S120_L002_R1_001.fastq.gz	../raw/21063a091_01_S120_L002_R2_001.fastq.gz		-a AGATCGGAAGAGCACACGTCTGAACTCCAGTCA -A AGATCGGAAGAGCGTCGTGTAGGGAAAGAGTGT
S092	L002	../raw/21063a092_01_S121_L002_R1_001.fastq.gz	../raw/21063a092_01_S121_L002_R2_001.fastq.gz		-a AGATCGGAAGAGCACACGTCTGAACTCCAGTCA -A AGATCGGAAGAGCGTCGTGTAGGGAAAGAGTGT
S093	L002	../raw/21063a093_01_S122_L002_R1_001.fastq.gz	../raw/21063a093_01_S122_L002_R2_001.fastq.gz		-a AGATCGGAAGAGCACACGTCTGAACTCCAGTCA -A AGATCGGAAGAGCGTCGTGTAGGGAAAGAGTGT
S094	L002	../raw/21063a094_01_S123_L002_R1_001.fastq.gz	../raw/21063a094_01_S123_L002_R2_001.fastq.gz		-a AGATCGGAAGAGCACACGTCTGAACTCCAGTCA -A AGATCGGAAGAGCGTCGTGTAGGGAAAGAGTGT
S095	L002	../raw/21063a095_01_S124_L002_R1_001.fastq.gz	../raw/21063a095_01_S124_L002_R2_001.fastq.gz		-a AGATCGGAAGAGCACACGTCTGAACTCCAGTCA -A AGATCGGAAGAGCGTCGTGTAGGGAAAGAGTGT
S096	L002	../raw/21063a096_01_S125_L002_R1_001.fastq.gz	../raw/21063a096_01_S125_L002_R2_001.fastq.gz		-a AGATCGGAAGAGCACACGTCTGAACTCCAGTCA -A AGATCGGAAGAGCGTCGTGTAGGGAAAGAGTGT
